id,first_name,last_name,date_of_birth,telephone,email,address,postcode,nhs_number,gp_practice,registered
P001,Meeta,Jain,15/03/1978,07712345601,meeta.jain@email.co.uk,14 Elm Grove,SW12 9RT,485 777 3301,Elm Tree Surgery,True
P002,James,Hargreaves,22/07/1965,07823456102,j.hargreaves@email.co.uk,7 Birch Lane,M14 5QP,493 612 4402,Riverside Medical Centre,True
P003,Sofia,Patel,08/11/1990,07934567203,sofia.patel@gmail.com,32 Oak Street,B15 2TT,476 234 5503,Oakfield Practice,True
P004,Thomas,Bennett,01/04/1952,01612345604,t.bennett@btinternet.com,5 Maple Avenue,M2 4WX,512 890 6604,The Village Surgery,True
P005,Amara,Okonkwo,17/09/1985,07645678305,amara.okonkwo@yahoo.co.uk,19 Cedar Road,E3 4NU,467 345 7705,Riverside Medical Centre,True
P006,David,Clarke,30/12/1971,07756789406,d.clarke@outlook.com,88 Pine Close,LS6 3HJ,498 456 8806,Elm Tree Surgery,True
P007,Priya,Sharma,14/06/1993,07867890507,priya.sharma@gmail.com,3 Willow Way,SE5 8LM,481 567 9907,Oakfield Practice,True
P008,Robert,Wilson,25/02/1948,01714567808,r.wilson@hotmail.co.uk,62 Ash Drive,SW6 2PQ,505 678 1108,The Village Surgery,True
P009,Fatima,Al-Hassan,03/08/1987,07978901609,fatima.alhassan@email.co.uk,11 Rowan Street,W1T 3JA,472 789 2209,Elm Tree Surgery,True
P010,George,Thompson,19/05/1960,07589012710,george.thompson@gmail.com,45 Hawthorn Road,BS3 4KL,489 890 3310,Riverside Medical Centre,True
P011,Chloe,Martin,07/01/1996,07690123811,chloe.martin@email.co.uk,28 Chestnut Avenue,N4 2RP,463 901 4411,Oakfield Practice,True
P012,Rajesh,Kumar,11/10/1975,07701234912,rajesh.kumar@yahoo.co.uk,9 Sycamore Close,UB4 8SN,496 012 5512,The Village Surgery,True
P013,Emily,Jones,28/04/2005,07812346013,emily.jones@email.co.uk,17 Beech Lane,CF10 1QT,478 123 6613,Elm Tree Surgery,True
P014,Mohammed,Hussain,16/07/1982,07923457114,m.hussain@gmail.com,54 Larch Street,BD7 2LM,501 234 7714,Riverside Medical Centre,True
P015,Susan,Davies,09/03/1958,01614568215,susan.davies@btinternet.com,3 Holly Grove,M20 6WP,484 345 8815,Oakfield Practice,True
P016,Liam,O'Brien,22/11/2000,07634579316,liam.obrien@gmail.com,41 Ivy Road,SE1 7NX,469 456 9916,The Village Surgery,True
P017,Anita,Kapoor,05/06/1970,07745690417,anita.kapoor@outlook.com,26 Magnolia Way,HA2 0QR,492 567 1017,Elm Tree Surgery,True
P018,Peter,Walsh,13/09/1943,01714579518,p.walsh@hotmail.co.uk,8 Primrose Close,SW14 8ST,507 678 2118,Riverside Medical Centre,True
P019,Zara,Ahmed,30/01/1998,07856801619,zara.ahmed@email.co.uk,73 Bluebell Drive,E14 5PQ,474 789 3219,Oakfield Practice,True
P020,John,Smith,04/08/1967,07967912720,john.smith@gmail.com,15 Daisy Lane,LS1 4AB,487 890 4320,The Village Surgery,True
P021,Hannah,Robinson,18/04/1994,07578023821,hannah.robinson@yahoo.co.uk,37 Violet Street,SW9 0LN,470 901 5421,Elm Tree Surgery,True
P022,Tariq,Mahmood,27/12/1979,07689134922,tariq.mahmood@email.co.uk,12 Sunflower Avenue,OL1 3QT,495 012 6522,Riverside Medical Centre,True
P023,Laura,Evans,15/07/1988,07790246023,laura.evans@gmail.com,59 Poppy Road,NW3 5RT,479 123 7623,Oakfield Practice,True
P024,Kevin,Brown,03/02/1955,01315679124,k.brown@btinternet.com,22 Cornflower Close,EH6 4PQ,502 234 8724,The Village Surgery,True
P025,Nadia,Ibrahim,10/10/1992,07801357225,nadia.ibrahim@outlook.com,6 Jasmine Way,N16 8LM,465 345 9825,Elm Tree Surgery,True
P026,Mark,Taylor,21/05/1963,07912468326,mark.taylor@hotmail.co.uk,48 Lavender Street,SW4 6NX,490 456 1026,Riverside Medical Centre,True
P027,Yasmin,Begum,08/09/1984,07623579427,yasmin.begum@gmail.com,31 Rosemary Drive,E1 6ST,475 567 2127,Oakfield Practice,True
P028,Brian,Hughes,16/03/1950,01614680528,b.hughes@btinternet.com,4 Thyme Close,M8 0QR,508 678 3228,The Village Surgery,True
P029,Samira,Malik,25/11/1997,07734791629,samira.malik@email.co.uk,67 Sage Avenue,W2 4AB,471 789 4329,Elm Tree Surgery,True
P030,Christopher,Lee,12/06/1973,07845902730,c.lee@yahoo.co.uk,23 Mint Street,SE16 7LN,486 890 5430,Riverside Medical Centre,True
P031,Alice,Green,29/08/2003,07956013831,alice.green@gmail.com,10 Basil Road,NW1 0QT,468 901 6531,Oakfield Practice,True
P032,Imran,Khan,07/01/1981,07567124932,imran.khan@outlook.com,85 Oregano Close,LE2 3RT,493 012 7632,The Village Surgery,True
P033,Margaret,White,14/04/1946,01714691033,m.white@hotmail.co.uk,18 Parsley Way,SW15 5PQ,506 123 8733,Elm Tree Surgery,True
P034,Daniel,Harris,03/12/1989,07678235134,daniel.harris@email.co.uk,42 Dill Drive,E8 3LM,477 234 9834,Riverside Medical Centre,True
P035,Aisha,Rahman,20/07/1995,07789346235,aisha.rahman@gmail.com,7 Fennel Street,NE1 4NX,464 345 1035,Oakfield Practice,True
P036,Paul,Anderson,11/02/1959,01314579336,p.anderson@btinternet.com,55 Tarragon Avenue,EH3 6ST,499 456 2136,The Village Surgery,True
P037,Leila,Nazari,28/10/1986,07890457437,leila.nazari@yahoo.co.uk,29 Chive Close,W11 2AB,482 567 3237,Elm Tree Surgery,True
P038,Steven,Morris,16/05/1968,07601568538,s.morris@gmail.com,13 Coriander Road,B12 9LN,497 678 4338,Riverside Medical Centre,True
P039,Kavita,Singh,05/09/1991,07712679639,kavita.singh@outlook.com,38 Cumin Way,UB1 2QT,480 789 5439,Oakfield Practice,True
P040,Edward,Jackson,23/03/1944,01714688740,e.jackson@hotmail.co.uk,2 Caraway Drive,SW7 3RT,503 890 6540,The Village Surgery,True
P041,Nkechi,Obi,09/11/1983,07823799841,nkechi.obi@email.co.uk,71 Anise Street,SE24 0PQ,466 901 7641,Elm Tree Surgery,True
P042,Richard,Scott,17/06/1972,07934810942,r.scott@gmail.com,24 Nutmeg Close,M21 7LM,491 012 8742,Riverside Medical Centre,True
P043,Mei,Chen,04/01/2001,07645921043,mei.chen@yahoo.co.uk,16 Clove Avenue,E15 2NX,476 123 9843,Oakfield Practice,True
P044,Graham,Phillips,31/08/1957,01614932144,g.phillips@btinternet.com,6 Mace Road,M3 5ST,509 234 1044,The Village Surgery,True
P045,Rania,Aziz,13/04/1993,07756043245,rania.aziz@outlook.com,49 Cardamom Way,N1 9AB,472 345 2145,Elm Tree Surgery,True
P046,Andrew,Turner,26/12/1964,07867154346,a.turner@hotmail.co.uk,33 Allspice Drive,SW2 4LN,487 456 3246,Riverside Medical Centre,True
P047,Blessing,Adeyemi,08/07/1989,07978265447,blessing.adeyemi@gmail.com,11 Paprika Close,SE6 1QT,470 567 4347,Oakfield Practice,True
P048,Dorothy,Walker,20/02/1940,01714579548,d.walker@btinternet.com,8 Turmeric Street,SW10 0RT,504 678 5448,The Village Surgery,True
P049,Hassan,Ali,15/10/1977,07589376649,hassan.ali@email.co.uk,57 Saffron Way,W8 6PQ,483 789 6549,Elm Tree Surgery,True
P050,Claire,Mitchell,02/05/1985,07690487750,claire.mitchell@yahoo.co.uk,21 Ginger Avenue,NW6 4LM,468 890 7650,Riverside Medical Centre,True
P051,Oluwaseun,Adeleke,19/09/1991,07701598851,o.adeleke@gmail.com,44 Vanilla Road,E6 5NX,494 901 8751,Oakfield Practice,True
P052,Barbara,Hall,07/03/1953,01614607952,b.hall@hotmail.co.uk,9 Cinnamon Close,M15 4ST,477 012 9852,The Village Surgery,True
P053,Arjun,Mehta,24/11/1998,07812719053,arjun.mehta@outlook.com,36 Pepper Drive,HA0 3AB,500 123 1053,Elm Tree Surgery,True
P054,Jennifer,King,12/06/1969,07923820154,jennifer.king@gmail.com,14 Fennel Way,SE11 6LN,485 234 2154,Riverside Medical Centre,True
P055,Mustafa,Yilmaz,01/01/1980,07634931255,m.yilmaz@yahoo.co.uk,27 Basil Close,N7 8QT,462 345 3255,Oakfield Practice,True
P056,Sharon,Wright,09/08/1962,01314942356,s.wright@btinternet.com,63 Thyme Street,EH8 9RT,497 456 4356,The Village Surgery,True
P057,Kofi,Asante,27/04/1976,07745053457,kofi.asante@email.co.uk,18 Sage Road,W4 2PQ,480 567 5457,Elm Tree Surgery,True
P058,Patricia,Young,14/12/1947,01714964558,p.young@hotmail.co.uk,5 Oregano Avenue,SW16 6LM,505 678 6558,Riverside Medical Centre,True
P059,Aiden,Murphy,22/07/2002,07856175659,aiden.murphy@gmail.com,39 Chive Close,E3 2NX,473 789 7659,Oakfield Practice,True
P060,Sunita,Gupta,10/03/1974,07967286760,sunita.gupta@outlook.com,52 Tarragon Way,UB6 9ST,488 890 8760,The Village Surgery,True
P061,Trevor,Campbell,05/10/1961,07578397861,t.campbell@yahoo.co.uk,7 Coriander Road,SE15 3AB,463 901 9861,Elm Tree Surgery,True
P062,Hafsa,Qureshi,17/05/1999,07689508962,hafsa.qureshi@gmail.com,31 Cumin Drive,M14 7LN,498 012 1062,Riverside Medical Centre,True
P063,Nicholas,Roberts,28/02/1956,01615619063,n.roberts@btinternet.com,16 Caraway Close,M1 2QT,481 123 2163,Oakfield Practice,True
P064,Adaeze,Nwosu,06/09/1987,07801730164,adaeze.nwosu@email.co.uk,45 Anise Street,N15 4RT,496 234 3264,The Village Surgery,True
P065,Simon,Edwards,23/01/1966,07912841265,s.edwards@hotmail.co.uk,8 Nutmeg Way,SW8 2PQ,471 345 4365,Elm Tree Surgery,True
P066,Mariam,Issa,11/07/1996,07623952366,mariam.issa@yahoo.co.uk,20 Clove Road,E11 1LM,486 456 5466,Riverside Medical Centre,True
P067,Derek,Foster,19/04/1949,01714063467,d.foster@btinternet.com,58 Mace Avenue,SW3 5NX,501 567 6567,Oakfield Practice,True
P068,Ting,Wu,07/11/1990,07734174568,ting.wu@gmail.com,3 Cardamom Close,W1K 4ST,474 678 7668,The Village Surgery,True
P069,Joanna,Mills,25/06/1978,07845285669,joanna.mills@outlook.com,41 Allspice Drive,NW4 2AB,489 789 8769,Elm Tree Surgery,True
P060,Abdul,Rashid,13/02/1983,07956396770,abdul.rashid@email.co.uk,26 Paprika Road,SE5 7LN,464 890 9870,Riverside Medical Centre,True
P071,Victoria,Cooper,01/10/1971,07567407871,v.cooper@hotmail.co.uk,14 Turmeric Close,B4 6QT,499 901 1071,Oakfield Practice,True
P072,Kwame,Mensah,20/05/1994,07678518972,kwame.mensah@gmail.com,37 Saffron Street,E16 3RT,482 012 2172,The Village Surgery,True
P073,Elaine,Watson,08/02/1951,01314529073,e.watson@btinternet.com,9 Ginger Way,EH1 2PQ,507 123 3273,Elm Tree Surgery,True
P074,Bilal,Chaudhry,16/09/1988,07789630174,bilal.chaudhry@yahoo.co.uk,53 Vanilla Avenue,OL8 4LM,490 234 4374,Riverside Medical Centre,True
P075,Sandra,Reed,04/04/1964,07890741275,sandra.reed@gmail.com,22 Cinnamon Road,SW17 9NX,465 345 5475,Oakfield Practice,True
P076,Olumide,Fadahunsi,12/12/1979,07601852376,o.fadahunsi@outlook.com,6 Pepper Close,E2 9ST,492 456 6576,The Village Surgery,True
P077,Carol,Bailey,29/07/1955,01714963477,c.bailey@hotmail.co.uk,48 Fennel Drive,SW19 7AB,475 567 7677,Elm Tree Surgery,True
P078,Rohan,Verma,17/03/1997,07712074578,rohan.verma@gmail.com,33 Basil Way,HA3 8LN,500 678 8778,Riverside Medical Centre,True
P079,Jacqueline,Cox,06/01/1942,01614185679,j.cox@btinternet.com,71 Thyme Close,M16 0QT,483 789 9879,Oakfield Practice,True
P080,Yusuf,Omar,24/08/1986,07823296780,yusuf.omar@email.co.uk,15 Sage Street,N22 6RT,478 890 1080,The Village Surgery,True
P081,Marcos,Karadimos,19/09/1991,07741385291,m.karadimos@gmail.com,22 Kensington Park Road,W11 3BU,491 234 8181,Elm Tree Surgery,True
